unit_no,unit_id,order,level,lemma,display,phonetic,meaning,example,past
1,pep_new_g6_s1_u1,1,required_spell,was,was,/wɒz/,是，be 的过去式,It was great.,
1,pep_new_g6_s1_u1,2,required_spell,go,go / went,/ɡəʊ/ /went/,去 / 去了,I went to Xi'an.,went
1,pep_new_g6_s1_u1,3,required_spell,climb,climb,/klaɪm/,攀登；爬,I climbed the Great Wall.,
1,pep_new_g6_s1_u1,4,required_spell,see,see / saw,/siː/ /sɔː/,看见 / 看见了,I saw beautiful flowers.,saw
1,pep_new_g6_s1_u1,5,required_spell,eat,eat / ate,/iːt/ /et/,吃 / 吃了,I ate hot dry noodles.,ate
1,pep_new_g6_s1_u1,6,required_spell,take,take / took,/teɪk/ /tʊk/,做；拍；拿 / 做了,I took many photos.,took
1,pep_new_g6_s1_u1,7,required_spell,send,send,/send/,邮寄；发送,Please send me some pictures.,
1,pep_new_g6_s1_u1,8,required_spell,village,village,/ˈvɪlɪdʒ/,村庄；村镇,I went to a village nearby.,
1,pep_new_g6_s1_u1,9,required_spell,view,view,/vjuː/,景色,The view was great.,
1,pep_new_g6_s1_u1,10,required_recognize,kilometre,kilometre,/ˈkɪləmiːtə/,千米；公里,"It's 21,000 kilometres in all.",
1,pep_new_g6_s1_u1,11,required_recognize,gingerbread house,gingerbread house,/ˈdʒɪndʒəbred haʊs/,姜饼屋,I visited the Gingerbread House.,
1,pep_new_g6_s1_u1,12,required_recognize,thousand,thousand,/ˈθaʊzənd/,一千,There are over seven thousand warriors.,
1,pep_new_g6_s1_u1,13,required_recognize,clay,clay,/kleɪ/,黏土；陶土,clay warriors,
1,pep_new_g6_s1_u1,14,required_recognize,dry,dry,/draɪ/,干的,hot dry noodles,
1,pep_new_g6_s1_u1,15,required_recognize,inspiring,inspiring,/ɪnˈspaɪərɪŋ/,鼓舞人心的,The stories were inspiring.,
1,pep_new_g6_s1_u1,16,required_recognize,bamboo,bamboo,/ˌbæmˈbuː/,竹子,bamboo forest,
1,pep_new_g6_s1_u1,17,required_recognize,pumpkin,pumpkin,/ˈpʌmpkɪn/,南瓜,pumpkin soup,
1,pep_new_g6_s1_u1,18,required_recognize,restaurant,restaurant,/ˈrestrɒnt/,餐馆,a nice restaurant,
1,pep_new_g6_s1_u1,19,required_recognize,airport,airport,/ˈeəpɔːt/,机场,It's near the airport.,
1,pep_new_g6_s1_u1,20,required_recognize,New Zealand,New Zealand,/ˌnjuː ˈziːlənd/,新西兰,It's in New Zealand.,
1,pep_new_g6_s1_u1,21,required_recognize,bridge,bridge,/brɪdʒ/,桥,Hong Kong-Zhuhai-Macao Bridge,
1,pep_new_g6_s1_u1,22,required_recognize,Paris,Paris,/ˈpærɪs/,巴黎,I travelled to Paris.,
1,pep_new_g6_s1_u1,23,required_recognize,Eiffel Tower,Eiffel Tower,/ˈaɪfəl ˈtaʊə/,埃菲尔铁塔,I visited the Eiffel Tower.,
1,pep_new_g6_s1_u1,24,required_recognize,Terracotta Warriors,Terracotta Warriors,/ˌterəˈkɒtə ˈwɒriəz/,兵马俑,I saw the Terracotta Warriors.,
1,pep_new_g6_s1_u1,25,required_recognize,museum,museum,/mjuːˈziːəm/,博物馆,I visited a museum.,
2,pep_new_g6_s1_u2,1,required_spell,paste,paste,/peɪst/,粘贴,We pasted pictures.,
2,pep_new_g6_s1_u2,2,required_spell,dress,dress,/dres/,穿衣服,We dressed up.,
2,pep_new_g6_s1_u2,3,required_spell,count down,count down,/kaʊnt daʊn/,倒计时,We counted down together.,
2,pep_new_g6_s1_u2,4,required_spell,marathon,marathon,/ˈmærəθən/,马拉松赛跑,We watched a marathon.,
2,pep_new_g6_s1_u2,5,required_spell,race,race,/reɪs/,赛跑；竞赛,It was a dragon boat race.,
2,pep_new_g6_s1_u2,6,required_spell,run,run / ran,/rʌn/ /ræn/,跑 / 跑了,They ran fast.,ran
2,pep_new_g6_s1_u2,7,required_spell,cheer,cheer,/tʃɪə/,欢呼；加油,We cheered for the runners.,
2,pep_new_g6_s1_u2,8,required_spell,book fair,book fair,/bʊk feə/,书市,I went to a book fair.,
2,pep_new_g6_s1_u2,9,required_spell,writer,writer,/ˈraɪtə/,作家；作者,He is a famous writer.,
2,pep_new_g6_s1_u2,10,required_spell,read,read / read,/riːd/ /red/,阅读 / 读了,I read a book yesterday.,read
2,pep_new_g6_s1_u2,11,required_spell,make,make / made,/meɪk/ /meɪd/,做；使出现 / 做了,We made lanterns.,made
2,pep_new_g6_s1_u2,12,required_spell,sing,sing / sang,/sɪŋ/ /sæŋ/,唱歌 / 唱了,We sang songs.,sang
2,pep_new_g6_s1_u2,13,required_spell,wear,wear / wore,/weə/ /wɔː/,穿；戴 / 穿了,She wore a red dress.,wore
2,pep_new_g6_s1_u2,14,required_spell,yesterday,yesterday,/ˈjestədeɪ/,昨天,I watched a race yesterday.,
2,pep_new_g6_s1_u2,15,required_recognize,gala,gala,/ˈɡɑːlə/,演出；庆典,We watched a gala.,
2,pep_new_g6_s1_u2,16,required_recognize,as,as,/æz/,作为,He dressed as a tiger.,
2,pep_new_g6_s1_u2,17,required_recognize,notice,notice,/ˈnəʊtɪs/,通知,I read a notice.,
2,pep_new_g6_s1_u2,18,required_recognize,wake,wake / woke,/weɪk/ /wəʊk/,醒来 / 醒了,I woke up early.,woke
2,pep_new_g6_s1_u2,19,required_recognize,later,later,/ˈleɪtə/,随后；后来,"Later, we had dinner.",
2,pep_new_g6_s1_u2,20,required_recognize,judge,judge,/dʒʌdʒ/,裁判,The judge was fair.,
2,pep_new_g6_s1_u2,21,required_recognize,begin,begin / began,/bɪˈɡɪn/ /bɪˈɡæn/,开始 / 开始了,The race began.,began
2,pep_new_g6_s1_u2,22,required_recognize,win,win / won,/wɪn/ /wʌn/,获胜 / 赢了,Our team won.,won
2,pep_new_g6_s1_u2,23,required_recognize,winner,winner,/ˈwɪnə/,获胜者,She was the winner.,
2,pep_new_g6_s1_u2,24,required_recognize,ever,ever,/ˈevə/,以往任何时候,It was the most exciting race ever.,
2,pep_new_g6_s1_u2,25,required_recognize,exciting,exciting,/ɪkˈsaɪtɪŋ/,令人激动的,It was exciting.,
3,pep_new_g6_s1_u3,1,required_spell,cold,cold,/kəʊld/,感冒,I have a cold.,
3,pep_new_g6_s1_u3,2,required_spell,ill,ill,/ɪl/,不舒服；有病,I feel ill.,
3,pep_new_g6_s1_u3,3,required_spell,head,head,/hed/,头；头部,My head hurts.,
3,pep_new_g6_s1_u3,4,required_spell,runny nose,runny nose,/ˈrʌni nəʊz/,流鼻涕,I have a runny nose.,
3,pep_new_g6_s1_u3,5,required_spell,soon,soon,/suːn/,很快；马上,Get well soon.,
3,pep_new_g6_s1_u3,6,required_spell,fever,fever,/ˈfiːvə/,发烧；发热,I have a fever.,
3,pep_new_g6_s1_u3,7,required_spell,cough,cough,/kɒf/,咳嗽,I have a cough.,
3,pep_new_g6_s1_u3,8,required_spell,discuss,discuss,/dɪˈskʌs/,讨论；商量,Let's discuss it.,
3,pep_new_g6_s1_u3,9,required_spell,diet,diet,/ˈdaɪət/,日常饮食,Have a healthy diet.,
3,pep_new_g6_s1_u3,10,required_spell,stay up,stay up,/steɪ ʌp/,熬夜,Don't stay up late.,
3,pep_new_g6_s1_u3,11,required_spell,cry,cry,/kraɪ/,哭；哭泣,Don't cry.,
3,pep_new_g6_s1_u3,12,required_spell,another,another,/əˈnʌðə/,另一；不同的,Try another way.,
3,pep_new_g6_s1_u3,13,required_spell,call,call,/kɔːl/,给……打电话,Please call me.,
3,pep_new_g6_s1_u3,14,required_spell,email,email,/ˈiːmeɪl/,电子邮件,Send me an email.,
3,pep_new_g6_s1_u3,15,required_spell,unhappy,unhappy,/ʌnˈhæpi/,不快乐的；难过的,She is unhappy.,
3,pep_new_g6_s1_u3,16,required_spell,glass,glass,/ɡlɑːs/,一杯；玻璃,Drink a glass of water.,
3,pep_new_g6_s1_u3,17,required_spell,may,may,/meɪ/,也许；可能,Maybe you should see a doctor.,
3,pep_new_g6_s1_u3,18,required_recognize,add,add,/æd/,补充说；增加,Add more ideas.,
3,pep_new_g6_s1_u3,19,required_recognize,video,video,/ˈvɪdiəʊ/,视频；录像,I watched a video.,
3,pep_new_g6_s1_u3,20,required_recognize,better,better,/ˈbetə/,好转的,I feel better now.,
4,pep_new_g6_s1_u4,1,required_spell,money,money,/ˈmʌni/,钱,We should manage money well.,
4,pep_new_g6_s1_u4,2,required_spell,pocket money,pocket money,/ˈpɒkɪt ˈmʌni/,零花钱,I have some pocket money.,
4,pep_new_g6_s1_u4,3,required_spell,schoolbag,schoolbag,/ˈskuːlbæɡ/,书包,I'm going to buy a schoolbag.,
4,pep_new_g6_s1_u4,4,required_spell,goods,goods,/ɡʊdz/,商品,The goods are on sale.,
4,pep_new_g6_s1_u4,5,required_spell,drink,drink,/drɪŋk/,饮料,I need to buy a drink.,
4,pep_new_g6_s1_u4,6,required_spell,service,service,/ˈsɜːvɪs/,服务,The service is good.,
4,pep_new_g6_s1_u4,7,required_spell,haircut,haircut,/ˈheəkʌt/,理发；发型,I need a haircut.,
4,pep_new_g6_s1_u4,8,required_spell,microscope,microscope,/ˈmaɪkrəskəʊp/,显微镜,I want to buy a microscope.,
4,pep_new_g6_s1_u4,9,required_spell,lucky,lucky,/ˈlʌki/,幸运的,I'm lucky.,
4,pep_new_g6_s1_u4,10,required_spell,save up,save up,/seɪv ʌp/,攒钱,I need to save up.,
4,pep_new_g6_s1_u4,11,required_spell,sale,sale,/seɪl/,特价销售；出售,The book is on sale.,
4,pep_new_g6_s1_u4,12,required_spell,ticket,ticket,/ˈtɪkɪt/,票,I'm going to buy a ticket.,
4,pep_new_g6_s1_u4,13,required_spell,manage,manage,/ˈmænɪdʒ/,管理,We should manage money well.,
4,pep_new_g6_s1_u4,14,required_spell,difficult,difficult,/ˈdɪfɪkəlt/,困难的,It is difficult.,
4,pep_new_g6_s1_u4,15,required_spell,sell,sell,/sel/,出售；售卖,They sell books.,
4,pep_new_g6_s1_u4,16,required_spell,jar,jar,/dʒɑː/,罐子,Put money in the jar.,
4,pep_new_g6_s1_u4,17,required_spell,half,half,/hɑːf/,一半,Save half of your money.,
4,pep_new_g6_s1_u4,18,required_recognize,for example,for example,/fər ɪɡˈzɑːmpəl/,例如,"For example, buy useful things.",
5,pep_new_g6_s1_u5,1,required_spell,planet,planet,/ˈplænɪt/,行星,Earth is a planet.,
5,pep_new_g6_s1_u5,2,required_spell,Earth,Earth,/ɜːθ/,地球,We live on Earth.,
5,pep_new_g6_s1_u5,3,required_spell,sky,sky,/skaɪ/,天；天空,What can you see in the sky?,
5,pep_new_g6_s1_u5,4,required_spell,daytime,daytime,/ˈdeɪtaɪm/,白天,"In the daytime, we can see the Sun.",
5,pep_new_g6_s1_u5,5,required_spell,cloud,cloud,/klaʊd/,云,We can see clouds.,
5,pep_new_g6_s1_u5,6,required_spell,moon,moon,/muːn/,月球；月亮,We can see the Moon at night.,
5,pep_new_g6_s1_u5,7,required_spell,star,star,/stɑː/,恒星；星,We can see stars.,
5,pep_new_g6_s1_u5,8,required_spell,space,space,/speɪs/,太空；空间,I want to know about space.,
5,pep_new_g6_s1_u5,9,required_spell,outer space,outer space,/ˈaʊtə speɪs/,外层空间；外太空,What can we see from outer space?,
5,pep_new_g6_s1_u5,10,required_spell,space station,space station,/ˈspeɪs ˌsteɪʃən/,空间站,Astronauts live in a space station.,
5,pep_new_g6_s1_u5,11,required_spell,ocean,ocean,/ˈəʊʃən/,大海；海洋,We can see oceans.,
5,pep_new_g6_s1_u5,12,required_spell,marble,marble,/ˈmɑːbəl/,玻璃弹子,Earth looks like a blue marble.,
5,pep_new_g6_s1_u5,13,required_spell,satellite,satellite,/ˈsætəlaɪt/,人造卫星,A satellite goes around Earth.,
5,pep_new_g6_s1_u5,14,required_spell,soil,soil,/sɔɪl/,土壤,There is soil on Mars.,
5,pep_new_g6_s1_u5,15,required_spell,alien,alien,/ˈeɪliən/,外星生物,Are there any aliens?,
5,pep_new_g6_s1_u5,16,required_spell,sunrise,sunrise,/ˈsʌnraɪz/,日出,I watched the sunrise.,
5,pep_new_g6_s1_u5,17,required_spell,rover,rover,/ˈrəʊvə/,探测器,China put a rover on Mars.,
5,pep_new_g6_s1_u5,18,required_spell,into,into,/ˈɪntə/,朝；进入,It went into space.,
5,pep_new_g6_s1_u5,19,required_spell,telescope,telescope,/ˈtelɪskəʊp/,望远镜,We can use a telescope.,
5,pep_new_g6_s1_u5,20,required_spell,astronaut,astronaut,/ˈæstrənɔːt/,宇航员；航天员,Astronauts work in space.,
5,pep_new_g6_s1_u5,21,required_spell,spaceship,spaceship,/ˈspeɪsʃɪp/,宇宙飞船,A spaceship flies into space.,
5,pep_new_g6_s1_u5,22,required_spell,month,month,/mʌnθ/,月；月份,A month has about 30 days.,
5,pep_new_g6_s1_u5,23,required_recognize,taikonaut,taikonaut,/ˈtaɪkənɔːt/,中国航天员,Taikonauts get up early.,
5,pep_new_g6_s1_u5,24,required_recognize,cloth,cloth,/klɒθ/,一块布；织物,We need a cloth.,
5,pep_new_g6_s1_u5,25,required_recognize,toothpaste,toothpaste,/ˈtuːθpeɪst/,牙膏,Astronauts use toothpaste.,
5,pep_new_g6_s1_u5,26,required_recognize,question,question,/ˈkwestʃən/,问题,I have a question.,
5,pep_new_g6_s1_u5,27,required_recognize,sunset,sunset,/ˈsʌnset/,日落,We watched the sunset.,
5,pep_new_g6_s1_u5,28,required_recognize,time,time,/taɪm/,次；回,three times,
6,pep_new_g6_s1_u6,1,required_spell,power,power,/ˈpaʊə/,能；能量,Water power is useful.,
6,pep_new_g6_s1_u6,2,required_spell,electricity,electricity,/ɪˌlekˈtrɪsəti/,电,Running water can make electricity.,
6,pep_new_g6_s1_u6,3,required_spell,solar,solar,/ˈsəʊlə/,太阳的,Solar power is green energy.,
6,pep_new_g6_s1_u6,4,required_spell,type,type,/taɪp/,类型；种类,It is a type of energy.,
6,pep_new_g6_s1_u6,5,required_spell,energy,energy,/ˈenədʒi/,能源,We should save energy.,
6,pep_new_g6_s1_u6,6,required_spell,source,source,/sɔːs/,来源,Water is a source of energy.,
6,pep_new_g6_s1_u6,7,required_spell,light,light,/laɪt/,照亮,The light is on.,
6,pep_new_g6_s1_u6,8,required_spell,heat,heat,/hiːt/,加热；使变暖；热量,The Sun gives heat.,
6,pep_new_g6_s1_u6,9,required_spell,cool,cool,/kuːl/,使变凉；冷却,It can cool the room.,
6,pep_new_g6_s1_u6,10,required_spell,run,run,/rʌn/,使运行,Electricity can run machines.,
6,pep_new_g6_s1_u6,11,required_spell,resource,resource,/rɪˈsɔːs/,资源,Many resources are running out.,
6,pep_new_g6_s1_u6,12,required_spell,run out,run out,/rʌn aʊt/,用完,Many resources are running out.,
6,pep_new_g6_s1_u6,13,required_spell,few,few,/fjuː/,不多；很少,There are few trees.,
6,pep_new_g6_s1_u6,14,required_spell,change,change,/tʃeɪndʒ/,改变；使不同,We can change our habits.,
6,pep_new_g6_s1_u6,15,required_spell,quick,quick,/kwɪk/,迅速的；快的,Take quick showers.,
6,pep_new_g6_s1_u6,16,required_spell,shower,shower,/ˈʃaʊə/,淋浴,We can take quick showers.,
6,pep_new_g6_s1_u6,17,required_spell,unplug,unplug,/ˌʌnˈplʌɡ/,拔掉电源插头,Unplug computers and TVs.,
6,pep_new_g6_s1_u6,18,required_spell,difference,difference,/ˈdɪfrəns/,差别；不同之处,There is a big difference.,
6,pep_new_g6_s1_u6,19,required_spell,reduce,reduce,/rɪˈdjuːs/,减少,We can reduce waste.,
6,pep_new_g6_s1_u6,20,required_spell,air conditioner,air conditioner,/ˈeə kənˌdɪʃənə/,空调机,Use air conditioners less.,
6,pep_new_g6_s1_u6,21,required_spell,drive,drive,/draɪv/,驾驶；开车,Don't drive too much.,
6,pep_new_g6_s1_u6,22,required_spell,reuse,reuse,/ˌriːˈjuːz/,再次使用；重复使用,We can reuse bottles.,
6,pep_new_g6_s1_u6,23,required_spell,own,own,/əʊn/,自己的,Bring your own bottle.,
6,pep_new_g6_s1_u6,24,required_spell,market,market,/ˈmɑːkɪt/,集市；市场,I went to the market.,
6,pep_new_g6_s1_u6,25,required_spell,bottle,bottle,/ˈbɒtəl/,瓶子,Use your own bottle.,
6,pep_new_g6_s1_u6,26,required_spell,top,top,/tɒp/,最高的,It is the top side.,
6,pep_new_g6_s1_u6,27,required_spell,useful,useful,/ˈjuːsfəl/,有用的；有益的,It is useful.,
6,pep_new_g6_s1_u6,28,required_spell,dirty,dirty,/ˈdɜːti/,脏的,The river is dirty.,
6,pep_new_g6_s1_u6,29,required_spell,side,side,/saɪd/,一面；一边,Write on both sides.,
